date,value
2021-01-01T00:00:00.000Z,0
2021-01-02T00:00:00.000Z,0
2021-01-03T00:00:00.000Z,0
2021-01-04T00:00:00.000Z,0
2021-01-05T00:00:00.000Z,0
2021-01-06T00:00:00.000Z,0
2021-01-07T00:00:00.000Z,0
2021-01-08T00:00:00.000Z,0
2021-01-09T00:00:00.000Z,0
2021-01-10T00:00:00.000Z,0
2021-01-11T00:00:00.000Z,0
2021-01-12T00:00:00.000Z,0
2021-01-13T00:00:00.000Z,0
2021-01-14T00:00:00.000Z,0
2021-01-15T00:00:00.000Z,0
2021-01-16T00:00:00.000Z,0
2021-01-17T00:00:00.000Z,0
2021-01-18T00:00:00.000Z,0
2021-01-19T00:00:00.000Z,0
2021-01-20T00:00:00.000Z,0
2021-01-21T00:00:00.000Z,0
2021-01-22T00:00:00.000Z,0
2021-01-23T00:00:00.000Z,0
2021-01-24T00:00:00.000Z,0
2021-01-25T00:00:00.000Z,0
2021-01-26T00:00:00.000Z,0
2021-01-27T00:00:00.000Z,0
2021-01-28T00:00:00.000Z,0
2021-01-29T00:00:00.000Z,0
2021-01-30T00:00:00.000Z,0
2021-01-31T00:00:00.000Z,0
2021-02-01T00:00:00.000Z,0
2021-02-02T00:00:00.000Z,0
2021-02-03T00:00:00.000Z,0
2021-02-04T00:00:00.000Z,0
2021-02-05T00:00:00.000Z,0
2021-02-06T00:00:00.000Z,0
2021-02-07T00:00:00.000Z,0
2021-02-08T00:00:00.000Z,0
2021-02-09T00:00:00.000Z,0
2021-02-10T00:00:00.000Z,0
2021-02-11T00:00:00.000Z,0
2021-02-12T00:00:00.000Z,0
2021-02-13T00:00:00.000Z,0
2021-02-14T00:00:00.000Z,0
2021-02-15T00:00:00.000Z,0
2021-02-16T00:00:00.000Z,0
2021-02-17T00:00:00.000Z,0
2021-02-18T00:00:00.000Z,0
2021-02-19T00:00:00.000Z,0
2021-02-20T00:00:00.000Z,0
2021-02-21T00:00:00.000Z,0
2021-02-22T00:00:00.000Z,0
2021-02-23T00:00:00.000Z,0
2021-02-24T00:00:00.000Z,0
2021-02-25T00:00:00.000Z,0
2021-02-26T00:00:00.000Z,0
2021-02-27T00:00:00.000Z,0
2021-02-28T00:00:00.000Z,0
2021-03-01T00:00:00.000Z,0
2021-03-02T00:00:00.000Z,0
2021-03-03T00:00:00.000Z,0
2021-03-04T00:00:00.000Z,0
2021-03-05T00:00:00.000Z,0
2021-03-06T00:00:00.000Z,0
2021-03-07T00:00:00.000Z,0
2021-03-08T00:00:00.000Z,0
2021-03-09T00:00:00.000Z,0
2021-03-10T00:00:00.000Z,0
2021-03-11T00:00:00.000Z,0
2021-03-12T00:00:00.000Z,0
2021-03-13T00:00:00.000Z,0
2021-03-14T00:00:00.000Z,0
2021-03-15T00:00:00.000Z,0
2021-03-16T00:00:00.000Z,0
2021-03-17T00:00:00.000Z,0
2021-03-18T00:00:00.000Z,0
2021-03-19T00:00:00.000Z,0
2021-03-20T00:00:00.000Z,0
2021-03-21T00:00:00.000Z,0
2021-03-22T00:00:00.000Z,0
2021-03-23T00:00:00.000Z,0
2021-03-24T00:00:00.000Z,0
2021-03-25T00:00:00.000Z,0
2021-03-26T00:00:00.000Z,0
2021-03-27T00:00:00.000Z,0
2021-03-28T00:00:00.000Z,0
2021-03-29T00:00:00.000Z,0
2021-03-30T00:00:00.000Z,0
2021-03-31T00:00:00.000Z,0
2021-04-01T00:00:00.000Z,0
2021-04-02T00:00:00.000Z,0
2021-04-03T00:00:00.000Z,0
2021-04-04T00:00:00.000Z,0
2021-04-05T00:00:00.000Z,0
2021-04-06T00:00:00.000Z,0
2021-04-07T00:00:00.000Z,0
2021-04-08T00:00:00.000Z,0
2021-04-09T00:00:00.000Z,0
2021-04-10T00:00:00.000Z,0
2021-04-11T00:00:00.000Z,0
2021-04-12T00:00:00.000Z,0
2021-04-13T00:00:00.000Z,0
2021-04-14T00:00:00.000Z,0
2021-04-15T00:00:00.000Z,0
2021-04-16T00:00:00.000Z,0
2021-04-17T00:00:00.000Z,0
2021-04-18T00:00:00.000Z,0
2021-04-19T00:00:00.000Z,0
2021-04-20T00:00:00.000Z,0
2021-04-21T00:00:00.000Z,0
2021-04-22T00:00:00.000Z,0
2021-04-23T00:00:00.000Z,0
2021-04-24T00:00:00.000Z,0
2021-04-25T00:00:00.000Z,0
2021-04-26T00:00:00.000Z,0
2021-04-27T00:00:00.000Z,0
2021-04-28T00:00:00.000Z,0
2021-04-29T00:00:00.000Z,0
2021-04-30T00:00:00.000Z,0
2021-05-01T00:00:00.000Z,0
2021-05-02T00:00:00.000Z,0
2021-05-03T00:00:00.000Z,0
2021-05-04T00:00:00.000Z,0
2021-05-05T00:00:00.000Z,0
2021-05-06T00:00:00.000Z,0
2021-05-07T00:00:00.000Z,0
2021-05-08T00:00:00.000Z,0
2021-05-09T00:00:00.000Z,0
2021-05-10T00:00:00.000Z,0
2021-05-11T00:00:00.000Z,0
2021-05-12T00:00:00.000Z,0
2021-05-13T00:00:00.000Z,0
2021-05-14T00:00:00.000Z,0
2021-05-15T00:00:00.000Z,0
2021-05-16T00:00:00.000Z,0
2021-05-17T00:00:00.000Z,0
2021-05-18T00:00:00.000Z,0
2021-05-19T00:00:00.000Z,0
2021-05-20T00:00:00.000Z,0
2021-05-21T00:00:00.000Z,0
2021-05-22T00:00:00.000Z,0
2021-05-23T00:00:00.000Z,0
2021-05-24T00:00:00.000Z,0
2021-05-25T00:00:00.000Z,0
2021-05-26T00:00:00.000Z,0
2021-05-27T00:00:00.000Z,0
2021-05-28T00:00:00.000Z,0
2021-05-29T00:00:00.000Z,0
2021-05-30T00:00:00.000Z,0
2021-05-31T00:00:00.000Z,0
2021-06-01T00:00:00.000Z,0
2021-06-02T00:00:00.000Z,0
2021-06-03T00:00:00.000Z,0
2021-06-04T00:00:00.000Z,0
2021-06-05T00:00:00.000Z,0
2021-06-06T00:00:00.000Z,0
2021-06-07T00:00:00.000Z,0
2021-06-08T00:00:00.000Z,0
2021-06-09T00:00:00.000Z,0
2021-06-10T00:00:00.000Z,0
2021-06-11T00:00:00.000Z,0
2021-06-12T00:00:00.000Z,0
2021-06-13T00:00:00.000Z,0
2021-06-14T00:00:00.000Z,0
2021-06-15T00:00:00.000Z,0
2021-06-16T00:00:00.000Z,0
2021-06-17T00:00:00.000Z,0
2021-06-18T00:00:00.000Z,0
2021-06-19T00:00:00.000Z,0
2021-06-20T00:00:00.000Z,0
2021-06-21T00:00:00.000Z,0
2021-06-22T00:00:00.000Z,0
2021-06-23T00:00:00.000Z,0
2021-06-24T00:00:00.000Z,0
2021-06-25T00:00:00.000Z,0
2021-06-26T00:00:00.000Z,0
2021-06-27T00:00:00.000Z,0
2021-06-28T00:00:00.000Z,0
2021-06-29T00:00:00.000Z,0
2021-06-30T00:00:00.000Z,0
2021-07-01T00:00:00.000Z,0
2021-07-02T00:00:00.000Z,0
2021-07-03T00:00:00.000Z,0
2021-07-04T00:00:00.000Z,0
2021-07-05T00:00:00.000Z,0
2021-07-06T00:00:00.000Z,0
2021-07-07T00:00:00.000Z,0
2021-07-08T00:00:00.000Z,0
2021-07-09T00:00:00.000Z,0
2021-07-10T00:00:00.000Z,0
2021-07-11T00:00:00.000Z,0
2021-07-12T00:00:00.000Z,0
2021-07-13T00:00:00.000Z,0
2021-07-14T00:00:00.000Z,0
2021-07-15T00:00:00.000Z,0
2021-07-16T00:00:00.000Z,0
2021-07-17T00:00:00.000Z,0
2021-07-18T00:00:00.000Z,0
2021-07-19T00:00:00.000Z,0
2021-07-20T00:00:00.000Z,0
2021-07-21T00:00:00.000Z,0
2021-07-22T00:00:00.000Z,0
2021-07-23T00:00:00.000Z,0
2021-07-24T00:00:00.000Z,0
2021-07-25T00:00:00.000Z,0
2021-07-26T00:00:00.000Z,0
2021-07-27T00:00:00.000Z,0
2021-07-28T00:00:00.000Z,0
2021-07-29T00:00:00.000Z,0
2021-07-30T00:00:00.000Z,0
2021-07-31T00:00:00.000Z,0
2021-08-01T00:00:00.000Z,0
2021-08-02T00:00:00.000Z,0
2021-08-03T00:00:00.000Z,0
2021-08-04T00:00:00.000Z,0
2021-08-05T00:00:00.000Z,0
2021-08-06T00:00:00.000Z,0
2021-08-07T00:00:00.000Z,0
2021-08-08T00:00:00.000Z,0
2021-08-09T00:00:00.000Z,0
2021-08-10T00:00:00.000Z,0
2021-08-11T00:00:00.000Z,0
2021-08-12T00:00:00.000Z,0
2021-08-13T00:00:00.000Z,0
2021-08-14T00:00:00.000Z,0
2021-08-15T00:00:00.000Z,0
2021-08-16T00:00:00.000Z,0
2021-08-17T00:00:00.000Z,0
2021-08-18T00:00:00.000Z,0
2021-08-19T00:00:00.000Z,0
2021-08-20T00:00:00.000Z,0
2021-08-21T00:00:00.000Z,0
2021-08-22T00:00:00.000Z,0
2021-08-23T00:00:00.000Z,0
2021-08-24T00:00:00.000Z,0
2021-08-25T00:00:00.000Z,0
2021-08-26T00:00:00.000Z,0
2021-08-27T00:00:00.000Z,0
2021-08-28T00:00:00.000Z,0
2021-08-29T00:00:00.000Z,0
2021-08-30T00:00:00.000Z,0
2021-08-31T00:00:00.000Z,0
2021-09-01T00:00:00.000Z,0
2021-09-02T00:00:00.000Z,0
2021-09-03T00:00:00.000Z,0
2021-09-04T00:00:00.000Z,0
2021-09-05T00:00:00.000Z,0
2021-09-06T00:00:00.000Z,0
2021-09-07T00:00:00.000Z,0
2021-09-08T00:00:00.000Z,0
2021-09-09T00:00:00.000Z,0
2021-09-10T00:00:00.000Z,0
2021-09-11T00:00:00.000Z,0
2021-09-12T00:00:00.000Z,0
2021-09-13T00:00:00.000Z,0
2021-09-14T00:00:00.000Z,0
2021-09-15T00:00:00.000Z,0
2021-09-16T00:00:00.000Z,0
2021-09-17T00:00:00.000Z,0
2021-09-18T00:00:00.000Z,0
2021-09-19T00:00:00.000Z,0
2021-09-20T00:00:00.000Z,0
2021-09-21T00:00:00.000Z,0
2021-09-22T00:00:00.000Z,0
2021-09-23T00:00:00.000Z,0
2021-09-24T00:00:00.000Z,0
2021-09-25T00:00:00.000Z,0
2021-09-26T00:00:00.000Z,0
2021-09-27T00:00:00.000Z,0
2021-09-28T00:00:00.000Z,0
2021-09-29T00:00:00.000Z,0
2021-09-30T00:00:00.000Z,0
2021-10-01T00:00:00.000Z,0
2021-10-02T00:00:00.000Z,0
2021-10-03T00:00:00.000Z,0
2021-10-04T00:00:00.000Z,0
2021-10-05T00:00:00.000Z,0
2021-10-06T00:00:00.000Z,0
2021-10-07T00:00:00.000Z,0
2021-10-08T00:00:00.000Z,0
2021-10-09T00:00:00.000Z,0
2021-10-10T00:00:00.000Z,0
2021-10-11T00:00:00.000Z,0
2021-10-12T00:00:00.000Z,0
2021-10-13T00:00:00.000Z,0
2021-10-14T00:00:00.000Z,0
2021-10-15T00:00:00.000Z,0
2021-10-16T00:00:00.000Z,0
2021-10-17T00:00:00.000Z,0
2021-10-18T00:00:00.000Z,0
2021-10-19T00:00:00.000Z,0
2021-10-20T00:00:00.000Z,0
2021-10-21T00:00:00.000Z,0
2021-10-22T00:00:00.000Z,0
2021-10-23T00:00:00.000Z,0
2021-10-24T00:00:00.000Z,0
2021-10-25T00:00:00.000Z,0
2021-10-26T00:00:00.000Z,0
2021-10-27T00:00:00.000Z,0
2021-10-28T00:00:00.000Z,0
2021-10-29T00:00:00.000Z,0
2021-10-30T00:00:00.000Z,0
2021-10-31T00:00:00.000Z,0
2021-11-01T00:00:00.000Z,0
2021-11-02T00:00:00.000Z,0
2021-11-03T00:00:00.000Z,0
2021-11-04T00:00:00.000Z,0
2021-11-05T00:00:00.000Z,0
2021-11-06T00:00:00.000Z,0
2021-11-07T00:00:00.000Z,0
2021-11-08T00:00:00.000Z,0
2021-11-09T00:00:00.000Z,0
2021-11-10T00:00:00.000Z,0
2021-11-11T00:00:00.000Z,0
2021-11-12T00:00:00.000Z,0
2021-11-13T00:00:00.000Z,0
2021-11-14T00:00:00.000Z,0
2021-11-15T00:00:00.000Z,0
2021-11-16T00:00:00.000Z,0
2021-11-17T00:00:00.000Z,0
2021-11-18T00:00:00.000Z,0
2021-11-19T00:00:00.000Z,0
2021-11-20T00:00:00.000Z,0
2021-11-21T00:00:00.000Z,0
2021-11-22T00:00:00.000Z,0
2021-11-23T00:00:00.000Z,0
2021-11-24T00:00:00.000Z,18
2021-11-25T00:00:00.000Z,17.94059405940594
2021-11-26T00:00:00.000Z,17.88235294117647
2021-11-27T00:00:00.000Z,17.825242718446603
2021-11-28T00:00:00.000Z,29.769230769230766
2021-11-29T00:00:00.000Z,29.674681753889676
2021-11-30T00:00:00.000Z,29.581945985941545
2021-12-01T00:00:00.000Z,29.490971781145085
2021-12-02T00:00:00.000Z,32.401709401709404
2021-12-03T00:00:00.000Z,32.304209975388105
2021-12-04T00:00:00.000Z,32.20852251706857
2021-12-05T00:00:00.000Z,32.114596948822516
2021-12-06T00:00:00.000Z,32.02238502238502
2021-12-07T00:00:00.000Z,31.93184023629749
2021-12-08T00:00:00.000Z,31.842917757515572
2021-12-09T00:00:00.000Z,31.755574347203765
2021-12-10T00:00:00.000Z,31.669768290457945
2021-12-11T00:00:00.000Z,31.585459329715235
2021-12-12T00:00:00.000Z,31.502608601627337
2021-12-13T00:00:00.000Z,31.421178577188808
2021-12-14T00:00:00.000Z,31.34113300492611
2021-12-15T00:00:00.000Z,31.26243685696622
2021-12-16T00:00:00.000Z,31.185056277815963
2021-12-17T00:00:00.000Z,31.108958535694235
2021-12-18T00:00:00.000Z,31.03411197626993
2021-12-19T00:00:00.000Z,30.960485978667798
2021-12-20T00:00:00.000Z,30.88805091361357
2021-12-21T00:00:00.000Z,30.81677810359788
2021-12-22T00:00:00.000Z,30.746639784946236
2021-12-23T00:00:00.000Z,30.67760907168941
2021-12-24T00:00:00.000Z,30.60965992113533
2021-12-25T00:00:00.000Z,18.542767101049623
2021-12-26T00:00:00.000Z,18.47690615835777
2021-12-27T00:00:00.000Z,18.41205338928717
2021-12-28T00:00:00.000Z,18.348185810872376
2021-12-29T00:00:00.000Z,10.285281133751411
2021-12-30T00:00:00.000Z,10.223317736185383
2021-12-31T00:00:00.000Z,10.162274639237713
2022-01-01T00:00:00.000Z,10.102131483052963
2022-01-02T00:00:00.000Z,8.042868504178845
2022-01-03T00:00:00.000Z,7.984466513878279
2022-01-04T00:00:00.000Z,7.926906877381371
2022-01-05T00:00:00.000Z,7.870171494030156
2022-01-06T00:00:00.000Z,7.814242778271556
2022-01-07T00:00:00.000Z,7.759103641456583
2022-01-08T00:00:00.000Z,7.7047374744061425
2022-01-09T00:00:00.000Z,7.651128130706015
2022-01-10T00:00:00.000Z,7.598259910695677
2022-01-11T00:00:00.000Z,7.5461175461175465
2022-01-12T00:00:00.000Z,7.494686185395094
2022-01-13T00:00:00.000Z,7.443951379509937
2022-01-14T00:00:00.000Z,7.3938990684496835
2022-01-15T00:00:00.000Z,7.344515568199779
2022-01-16T00:00:00.000Z,7.295787558254036
2022-01-17T00:00:00.000Z,7.247702069619878
2022-01-18T00:00:00.000Z,7.200246473295578
2022-01-19T00:00:00.000Z,7.1534084691979425
2022-01-20T00:00:00.000Z,7.107176075520051
2022-01-21T00:00:00.000Z,7.061537618499644
2022-01-22T00:00:00.000Z,7.016481722579839
2022-01-23T00:00:00.000Z,6.971997300944669
2022-01-24T00:00:00.000Z,6.928073546412935
2022-01-25T00:00:00.000Z,6.884699922674606
2022-01-26T00:00:00.000Z,6.8418661558548575
2022-01-27T00:00:00.000Z,6.799562226391494
2022-01-28T00:00:00.000Z,6.7577783612123135
2022-01-29T00:00:00.000Z,6.716505026199499
2022-01-30T00:00:00.000Z,6.675732918928898
2022-01-31T00:00:00.000Z,6.635452961672474
2022-02-01T00:00:00.000Z,6.59565629465295
2022-02-02T00:00:00.000Z,6.5563342695400335
2022-02-03T00:00:00.000Z,6.517478443178222
2022-02-04T00:00:00.000Z,6.4790805715366115
2022-02-05T00:00:00.000Z,6.4411326038716
2022-02-06T00:00:00.000Z,24.40362667709377
2022-02-07T00:00:00.000Z,24.307149169736654
2022-02-08T00:00:00.000Z,24.212263340854314
2022-02-09T00:00:00.000Z,24.118927931576238
2022-02-10T00:00:00.000Z,24.02710315491499
2022-02-11T00:00:00.000Z,23.936750628899997
2022-02-12T00:00:00.000Z,23.847833313388378
2022-02-13T00:00:00.000Z,23.760315450316483
2022-02-14T00:00:00.000Z,23.67416250717297
2022-02-15T00:00:00.000Z,23.589341123490417
2022-02-16T00:00:00.000Z,23.505819060166885
2022-02-17T00:00:00.000Z,23.42356515144229
2022-02-18T00:00:00.000Z,23.342549259366947
2022-02-19T00:00:00.000Z,23.262742230610826
2022-02-20T00:00:00.000Z,23.184115855472786
2022-02-21T00:00:00.000Z,23.106642828958467
2022-02-22T00:00:00.000Z,23.030296713804706
2022-02-23T00:00:00.000Z,22.955051905336404
2022-02-24T00:00:00.000Z,22.880883598049515
2022-02-25T00:00:00.000Z,22.807767753820784
2022-02-26T00:00:00.000Z,22.735681071651527
2022-02-27T00:00:00.000Z,22.664600958858593
2022-02-28T00:00:00.000Z,22.594505503631517
2022-03-01T00:00:00.000Z,22.52537344887978
2022-03-02T00:00:00.000Z,22.457184167299165
2022-03-03T00:00:00.000Z,22.389917637590557
2022-03-04T00:00:00.000Z,22.32355442176871
2022-03-05T00:00:00.000Z,22.25807564350235
2022-03-06T00:00:00.000Z,22.19346296743076
2022-03-07T00:00:00.000Z,22.129698579405012
2022-03-08T00:00:00.000Z,22.066765167605503
2022-03-09T00:00:00.000Z,10.00464590449016
2022-03-10T00:00:00.000Z,9.943324429530332
2022-03-11T00:00:00.000Z,9.882784832694167
2022-03-12T00:00:00.000Z,9.823011638639382
2022-03-13T00:00:00.000Z,9.7639897915797
2022-03-14T00:00:00.000Z,9.70570464079124
2022-03-15T00:00:00.000Z,9.648141926727096
2022-03-16T00:00:00.000Z,9.5912877677101
2022-03-17T00:00:00.000Z,9.535128647175537
2022-03-18T00:00:00.000Z,9.479651401437083
2022-03-19T00:00:00.000Z,9.424843207950786
2022-03-20T00:00:00.000Z,9.370691574053254
2022-03-21T00:00:00.000Z,9.317184326151544
2022-03-22T00:00:00.000Z,9.264309599343466
2022-03-23T00:00:00.000Z,9.21205582744819
2022-03-24T00:00:00.000Z,9.160411733428017
2022-03-25T00:00:00.000Z,9.109366320183405
2022-03-26T00:00:00.000Z,9.058908861704026
2022-03-27T00:00:00.000Z,9.009028894559757
2022-03-28T00:00:00.000Z,8.959716209716209
2022-03-29T00:00:00.000Z,8.91096084466028
2022-03-30T00:00:00.000Z,8.862753075821878
2022-03-31T00:00:00.000Z,8.815083411278762
2022-04-01T00:00:00.000Z,8.767942583732056
2022-04-02T00:00:00.000Z,8.721321543740608
2022-04-03T00:00:00.000Z,8.675211453202987
2022-04-04T00:00:00.000Z,8.629603679076489
2022-04-05T00:00:00.000Z,8.584489787322955
2022-04-06T00:00:00.000Z,8.539861537071856
2022-04-07T00:00:00.000Z,8.495710874991367
2022-04-08T00:00:00.000Z,8.45202992985883
2022-04-09T00:00:00.000Z,8.40881100732219
2022-04-10T00:00:00.000Z,8.366046584844593
2022-04-11T00:00:00.000Z,8.32372930682456
2022-04-12T00:00:00.000Z,8.281851979884562
2022-04-13T00:00:00.000Z,8.24040756832121
2022-04-14T00:00:00.000Z,8.199389189710475
2022-04-15T00:00:00.000Z,8.15879011066177
2022-04-16T00:00:00.000Z,8.118603742714935
2022-04-17T00:00:00.000Z,8.078823638374493
2022-04-18T00:00:00.000Z,8.039443487275737
2022-04-19T00:00:00.000Z,8.00045711247752
2022-04-20T00:00:00.000Z,7.961858466876828
2022-04-21T00:00:00.000Z,7.923641629740391
2022-04-22T00:00:00.000Z,7.885800803348886
2022-04-23T00:00:00.000Z,7.848330309749379
2022-04-24T00:00:00.000Z,7.811224587611952
2022-04-25T00:00:00.000Z,7.774478189186536
2022-04-26T00:00:00.000Z,7.73808577735622
2022-04-27T00:00:00.000Z,22.702042122783432
2022-04-28T00:00:00.000Z,28.616837150650476
2022-04-29T00:00:00.000Z,43.5131394945722
2022-04-30T00:00:00.000Z,55.361601263740994
2022-05-01T00:00:00.000Z,61.17305081459806
2022-05-02T00:00:00.000Z,66.96799664960142
2022-05-03T00:00:00.000Z,66.74673697981882
2022-05-04T00:00:00.000Z,66.52936401859586
2022-05-05T00:00:00.000Z,66.31577202750682
2022-05-06T00:00:00.000Z,66.10585914795809
2022-05-07T00:00:00.000Z,65.89952722303764
2022-05-08T00:00:00.000Z,65.69668162914256
2022-05-09T00:00:00.000Z,65.49723111676187
2022-05-10T00:00:00.000Z,65.30108765983762
2022-05-11T00:00:00.000Z,65.10816631316851
2022-05-12T00:00:00.000Z,64.91838507735774
2022-05-13T00:00:00.000Z,64.73166477084251
2022-05-14T00:00:00.000Z,64.54792890857422
2022-05-15T00:00:00.000Z,64.36710358694833
2022-05-16T00:00:00.000Z,64.18911737461062
2022-05-17T00:00:00.000Z,64.01390120879131
2022-05-18T00:00:00.000Z,63.84138829684247
2022-05-19T00:00:00.000Z,63.67151402267553
2022-05-20T00:00:00.000Z,63.50421585781582
2022-05-21T00:00:00.000Z,63.339433276809714
2022-05-22T00:00:00.000Z,63.177107676736895
2022-05-23T00:00:00.000Z,63.017182300596666
2022-05-24T00:00:00.000Z,62.859602164351585
2022-05-25T00:00:00.000Z,62.704313987425735
2022-05-26T00:00:00.000Z,62.55126612646758
2022-05-27T00:00:00.000Z,62.400408512199284
2022-05-28T00:00:00.000Z,52.25169258918549
2022-05-29T00:00:00.000Z,48.10507125836455
2022-05-30T00:00:00.000Z,37.96049882219523
2022-05-31T00:00:00.000Z,29.817930932280245
2022-06-01T00:00:00.000Z,25.677324539337093
2022-06-02T00:00:00.000Z,21.53863784539334
2022-06-03T00:00:00.000Z,21.401830258091916
2022-06-04T00:00:00.000Z,21.266862346997794
2022-06-05T00:00:00.000Z,21.1336958018043
2022-06-06T00:00:00.000Z,21.002293392342935
2022-06-07T00:00:00.000Z,20.87261893030628
2022-06-08T00:00:00.000Z,20.74463723259859
2022-06-09T00:00:00.000Z,20.61831408623353
2022-06-10T00:00:00.000Z,20.493616214703195
2022-06-11T00:00:00.000Z,20.37051124574659
2022-06-12T00:00:00.000Z,20.248967680449766
2022-06-13T00:00:00.000Z,20.12895486361378
2022-06-14T00:00:00.000Z,20.01044295532973
2022-06-15T00:00:00.000Z,19.893402903703798
2022-06-16T00:00:00.000Z,19.777806418678107
2022-06-17T00:00:00.000Z,19.663625946896094
2022-06-18T00:00:00.000Z,19.550834647563978
2022-06-19T00:00:00.000Z,19.43940636926229
2022-06-20T00:00:00.000Z,19.32931562766401
2022-06-21T00:00:00.000Z,19.22053758411795
2022-06-22T00:00:00.000Z,19.11304802505833
2022-06-23T00:00:00.000Z,19.00682334220339
2022-06-24T00:00:00.000Z,18.901840513507892
2022-06-25T00:00:00.000Z,18.79807708483595
2022-06-26T00:00:00.000Z,18.69551115232261
2022-06-27T00:00:00.000Z,18.59412134539394
2022-06-28T00:00:00.000Z,18.493886810416992
2022-06-29T00:00:00.000Z,18.394787194952464
2022-06-30T00:00:00.000Z,18.296802632584114
2022-07-01T00:00:00.000Z,18.199913728300366
2022-07-02T00:00:00.000Z,18.104101544404664
2022-07-03T00:00:00.000Z,18.009347586932254
2022-07-04T00:00:00.000Z,17.915633792552274
2022-07-05T00:00:00.000Z,17.822942515934805
2022-07-06T00:00:00.000Z,17.731256517563786
2022-07-07T00:00:00.000Z,17.640558951977336
2022-07-08T00:00:00.000Z,17.550833356418078
2022-07-09T00:00:00.000Z,17.46206363987677
2022-07-10T00:00:00.000Z,17.374234072513367
2022-07-11T00:00:00.000Z,17.287329275440317
2022-07-12T00:00:00.000Z,17.201334210853684
2022-07-13T00:00:00.000Z,17.11623417249825
2022-07-14T00:00:00.000Z,17.032014776453433
2022-07-15T00:00:00.000Z,16.948661952227383
2022-07-16T00:00:00.000Z,16.86616193414734
2022-07-17T00:00:00.000Z,49.78450125303463
2022-07-18T00:00:00.000Z,49.59475583706431
2022-07-19T00:00:00.000Z,49.40795918491286
2022-07-20T00:00:00.000Z,49.22403647036674
2022-07-21T00:00:00.000Z,49.04291552531995
2022-07-22T00:00:00.000Z,48.86452671879922
2022-07-23T00:00:00.000Z,48.688802842662795
2022-07-24T00:00:00.000Z,48.51567900354283
2022-07-25T00:00:00.000Z,48.34509252063266
2022-07-26T00:00:00.000Z,48.17698282894929
2022-07-27T00:00:00.000Z,48.01129138772812
2022-07-28T00:00:00.000Z,47.84796159363135
2022-07-29T00:00:00.000Z,47.68693869847425
2022-07-30T00:00:00.000Z,47.52816973119393
2022-07-31T00:00:00.000Z,47.37160342380451
2022-08-01T00:00:00.000Z,47.21719014110051
2022-08-02T00:00:00.000Z,47.064881813885876
2022-08-03T00:00:00.000Z,46.91463187552189
2022-08-04T00:00:00.000Z,46.76639520160046
2022-08-05T00:00:00.000Z,46.620128052562514
2022-08-06T00:00:00.000Z,46.4757880190929
2022-08-07T00:00:00.000Z,46.33333397013446
2022-08-08T00:00:00.000Z,46.19272600337376
2022-08-09T00:00:00.000Z,46.053925398060876
2022-08-10T00:00:00.000Z,45.91689457003398
2022-08-11T00:00:00.000Z,45.781597028828074
2022-08-12T00:00:00.000Z,45.64799733675429
2022-08-13T00:00:00.000Z,45.5160610698438
2022-08-14T00:00:00.000Z,45.385754780556326
2022-08-15T00:00:00.000Z,45.25704596215975
2022-08-16T00:00:00.000Z,45.12990301469309
2022-08-17T00:00:00.000Z,23.004295212429806
2022-08-18T00:00:00.000Z,22.88019267276407
2022-08-19T00:00:00.000Z,22.75756632644673
2022-08-20T00:00:00.000Z,22.636387889102256
2022-08-21T00:00:00.000Z,22.51662983396179
2022-08-22T00:00:00.000Z,22.39826536575137
2022-08-23T00:00:00.000Z,22.28126839567772
2022-08-24T00:00:00.000Z,22.165613517457416
2022-08-25T00:00:00.000Z,22.0512759843382
2022-08-26T00:00:00.000Z,21.938231687064224
2022-08-27T00:00:00.000Z,21.82645713273952
2022-08-28T00:00:00.000Z,21.715929424546704
2022-08-29T00:00:00.000Z,21.60662624228015
2022-08-30T00:00:00.000Z,21.498525823655175
2022-08-31T00:00:00.000Z,21.391606946356788
2022-09-01T00:00:00.000Z,21.285848910793614
2022-09-02T00:00:00.000Z,21.181231523524353
2022-09-03T00:00:00.000Z,21.077735081325873
2022-09-04T00:00:00.000Z,20.97534035587376
2022-09-05T00:00:00.000Z,20.874028579007508
2022-09-06T00:00:00.000Z,20.773781428554138
2022-09-07T00:00:00.000Z,20.67458101468531
2022-09-08T00:00:00.000Z,20.576409866784235
2022-09-09T00:00:00.000Z,20.479250920800006
2022-09-10T00:00:00.000Z,32.383087507067955
2022-09-11T00:00:00.000Z,44.24829937817984
2022-09-12T00:00:00.000Z,53.07564716671182
2022-09-13T00:00:00.000Z,55.87577023787542
2022-09-14T00:00:00.000Z,55.668993411868556
2022-09-15T00:00:00.000Z,55.4653373194555
2022-09-16T00:00:00.000Z,55.26472441014285
2022-09-17T00:00:00.000Z,55.06707983482844
2022-09-18T00:00:00.000Z,54.87233132530589
2022-09-19T00:00:00.000Z,63.68040908028169
2022-09-20T00:00:00.000Z,63.46154268719665
2022-09-21T00:00:00.000Z,63.24595234213726
2022-09-22T00:00:00.000Z,75.03355805635037
2022-09-23T00:00:00.000Z,86.78467860143688
2022-09-24T00:00:00.000Z,92.50001586028557
2022-09-25T00:00:00.000Z,92.20005356882302
2022-09-26T00:00:00.000Z,91.90486782553668
2022-09-27T00:00:00.000Z,94.61433714811736
2022-09-28T00:00:00.000Z,94.31844330561934
2022-09-29T00:00:00.000Z,94.02716823849805
2022-09-30T00:00:00.000Z,93.74039698235322
2022-10-01T00:00:00.000Z,93.45801849902716
2022-10-02T00:00:00.000Z,93.17992550699833
2022-10-03T00:00:00.000Z,92.90601432059643
2022-10-04T00:00:00.000Z,92.63618469750426
2022-10-05T00:00:00.000Z,92.3703396940486
2022-10-06T00:00:00.000Z,92.10838552781614
2022-10-07T00:00:00.000Z,91.85023144716247
2022-10-08T00:00:00.000Z,91.59578960721066
2022-10-09T00:00:00.000Z,91.34497495196321
2022-10-10T00:00:00.000Z,91.09770510217575
2022-10-11T00:00:00.000Z,82.85390024866425
2022-10-12T00:00:00.000Z,74.61348305073835
2022-10-13T00:00:00.000Z,68.37637853947378
2022-10-14T00:00:00.000Z,75.14251402555463
2022-10-15T00:00:00.000Z,74.88211604113673
2022-10-16T00:00:00.000Z,74.62540157816326
2022-10-17T00:00:00.000Z,74.3722873117795
2022-10-18T00:00:00.000Z,74.12269252144009
2022-10-19T00:00:00.000Z,73.87653898705419
2022-10-20T00:00:00.000Z,67.63375089016412
2022-10-21T00:00:00.000Z,67.39425471987023
2022-10-22T00:00:00.000Z,67.15797918323419
2022-10-23T00:00:00.000Z,58.92485511990931
2022-10-24T00:00:00.000Z,50.69481542076373
2022-10-25T00:00:00.000Z,79.46779495027661
2022-10-26T00:00:00.000Z,79.13481958141224
2022-10-27T00:00:00.000Z,78.8068743058936
2022-10-28T00:00:00.000Z,76.48383727887673
2022-10-29T00:00:00.000Z,76.16559074479449
2022-10-30T00:00:00.000Z,75.85202086185767
2022-10-31T00:00:00.000Z,75.54301753571886
2022-11-01T00:00:00.000Z,75.23847426173649
2022-11-02T00:00:00.000Z,74.93828797531624
2022-11-03T00:00:00.000Z,83.64235890984325
2022-11-04T00:00:00.000Z,83.32088749145527
2022-11-05T00:00:00.000Z,83.00406553290239
2022-11-06T00:00:00.000Z,88.69178541496831
2022-11-07T00:00:00.000Z,88.36414098768921
2022-11-08T00:00:00.000Z,88.04122164368027
2022-11-09T00:00:00.000Z,87.72291838600668
2022-11-10T00:00:00.000Z,96.40912569872026
2022-11-11T00:00:00.000Z,105.07003843440472
2022-11-12T00:00:00.000Z,107.70614003085927
2022-11-13T00:00:00.000Z,113.33770201794373
2022-11-14T00:00:00.000Z,106.95489132322702
2022-11-15T00:00:00.000Z,109.57777043782161
2022-11-16T00:00:00.000Z,109.19630345653343
2022-11-17T00:00:00.000Z,120.82045501068083
2022-11-18T00:00:00.000Z,120.41048922404583
2022-11-19T00:00:00.000Z,120.00665896605004
2022-11-20T00:00:00.000Z,119.6088180792648
2022-11-21T00:00:00.000Z,125.21682520786328
2022-11-22T00:00:00.000Z,124.81074161634439
2022-11-23T00:00:00.000Z,124.41062521338978
2022-11-24T00:00:00.000Z,136.01633657282355
2022-11-25T00:00:00.000Z,113.58813679924387
2022-11-26T00:00:00.000Z,113.16627577304713
2022-11-27T00:00:00.000Z,112.75060437962837
2022-11-28T00:00:00.000Z,121.34097833928655
2022-11-29T00:00:00.000Z,135.90755503709136
2022-11-30T00:00:00.000Z,135.43097970465254
2022-12-01T00:00:00.000Z,170.96158007984835
2022-12-02T00:00:00.000Z,176.3803728570221
2022-12-03T00:00:00.000Z,178.78853179648016
2022-12-04T00:00:00.000Z,178.19611792604093
2022-12-05T00:00:00.000Z,177.59319263551203
2022-12-06T00:00:00.000Z,182.9997166534734
2022-12-07T00:00:00.000Z,181.39565492808654
2022-12-08T00:00:00.000Z,180.79107151702829
2022-12-09T00:00:00.000Z,180.19583256068208
2022-12-10T00:00:00.000Z,179.6097110624875
2022-12-11T00:00:00.000Z,173.03248756468668
2022-12-12T00:00:00.000Z,166.46394983112464
2022-12-13T00:00:00.000Z,163.90389254617386
2022-12-14T00:00:00.000Z,159.3521170288249
2022-12-15T00:00:00.000Z,158.8084309610489
2022-12-16T00:00:00.000Z,156.27264812959848
2022-12-17T00:00:00.000Z,155.74458818046978
2022-12-18T00:00:00.000Z,147.22407638529833
2022-12-19T00:00:00.000Z,146.7109434190111
2022-12-20T00:00:00.000Z,146.2050251480985
2022-12-21T00:00:00.000Z,145.70616242891484
2022-12-22T00:00:00.000Z,141.21420091544903
2022-12-23T00:00:00.000Z,140.7289908760473
2022-12-24T00:00:00.000Z,140.25038701859816
2022-12-25T00:00:00.000Z,131.77824832372335
2022-12-26T00:00:00.000Z,131.31243788554553
2022-12-27T00:00:00.000Z,130.85282275962908
2022-12-28T00:00:00.000Z,157.39927381771673
2022-12-29T00:00:00.000Z,150.86255669801466
2022-12-30T00:00:00.000Z,146.33340563869436
2022-12-31T00:00:00.000Z,145.79184928070305
2023-01-01T00:00:00.000Z,121.2579137531022
2023-01-02T00:00:00.000Z,122.73142866585455
2023-01-03T00:00:00.000Z,123.19242692866959
2023-01-04T00:00:00.000Z,118.65103776535504
2023-01-05T00:00:00.000Z,118.11718982337378
2023-01-06T00:00:00.000Z,113.59071608283875
2023-01-07T00:00:00.000Z,111.07145465368477
2023-01-08T00:00:00.000Z,110.55924857313455
2023-01-09T00:00:00.000Z,110.05394561295822
2023-01-10T00:00:00.000Z,109.5553980959658
2023-01-11T00:00:00.000Z,109.06346272120906
2023-01-12T00:00:00.000Z,108.57800039740313
2023-01-13T00:00:00.000Z,108.09887608411047
2023-01-14T00:00:00.000Z,107.6259586402586
2023-01-15T00:00:00.000Z,107.15912067959124
2023-01-16T00:00:00.000Z,106.69823843267673
2023-01-17T00:00:00.000Z,106.24319161512189
2023-01-18T00:00:00.000Z,105.7938633016606
2023-01-19T00:00:00.000Z,105.35013980580813
2023-01-20T00:00:00.000Z,104.91191056478878
2023-01-21T00:00:00.000Z,104.47906802946451
2023-01-22T00:00:00.000Z,104.05150755900651
2023-01-23T00:00:00.000Z,103.62912732006858
2023-01-24T00:00:00.000Z,103.21182819023421
2023-01-25T00:00:00.000Z,102.79951366552339
2023-01-26T00:00:00.000Z,102.39208977175656
2023-01-27T00:00:00.000Z,101.98946497958654
2023-01-28T00:00:00.000Z,83.59155012301751
2023-01-29T00:00:00.000Z,83.19825832124342
2023-01-30T00:00:00.000Z,78.80950490364388
2023-01-31T00:00:00.000Z,78.42520733778875
2023-02-01T00:00:00.000Z,78.04528516030705
2023-02-02T00:00:00.000Z,73.66965991048666
2023-02-03T00:00:00.000Z,71.29825506647622
2023-02-04T00:00:00.000Z,70.93099598396945
2023-02-05T00:00:00.000Z,70.56780983725749
2023-02-06T00:00:00.000Z,70.20862556254077
2023-02-07T00:00:00.000Z,72.85337380339845
2023-02-08T00:00:00.000Z,72.49208586821933
2023-02-09T00:00:00.000Z,72.13479078705772
2023-02-10T00:00:00.000Z,71.78141836411663
2023-02-11T00:00:00.000Z,71.43190013004254
2023-02-12T00:00:00.000Z,71.08616928646627
2023-02-13T00:00:00.000Z,70.74416065277548
2023-02-14T00:00:00.000Z,70.40581061500859
2023-02-15T00:00:00.000Z,70.07105707676851
2023-02-16T00:00:00.000Z,78.73983941205783
2023-02-17T00:00:00.000Z,93.38239544964847
2023-02-18T00:00:00.000Z,98.97944780107036
2023-02-19T00:00:00.000Z,110.56159667858873
2023-02-20T00:00:00.000Z,110.10932861205448
2023-02-21T00:00:00.000Z,109.66291600623441
2023-02-22T00:00:00.000Z,109.2222314249887
2023-02-23T00:00:00.000Z,108.78715145450906
2023-02-24T00:00:00.000Z,117.35755653542992
2023-02-25T00:00:00.000Z,116.90362783334317
2023-02-26T00:00:00.000Z,116.455538409848
2023-02-27T00:00:00.000Z,116.01316238250558
2023-02-28T00:00:00.000Z,115.57637778603805
2023-03-01T00:00:00.000Z,115.1450664118807
2023-03-02T00:00:00.000Z,114.71911365586564
2023-03-03T00:00:00.000Z,114.29840837354767
2023-03-04T00:00:00.000Z,113.88284274271874
2023-03-05T00:00:00.000Z,113.47231213268599
2023-03-06T00:00:00.000Z,113.06671497991968
2023-03-07T00:00:00.000Z,112.66595266970174
2023-03-08T00:00:00.000Z,115.26992942343178
2023-03-09T00:00:00.000Z,114.86865120116998
2023-03-10T00:00:00.000Z,112.47212270667313
2023-03-11T00:00:00.000Z,112.08025039093144
2023-03-12T00:00:00.000Z,111.69294335821229
2023-03-13T00:00:00.000Z,111.31011326687646
2023-03-14T00:00:00.000Z,119.93167423479765
2023-03-15T00:00:00.000Z,119.5278397788332
2023-03-16T00:00:00.000Z,119.12881405077502
2023-03-17T00:00:00.000Z,118.73450105842721
2023-03-18T00:00:00.000Z,118.34480758440063
2023-03-19T00:00:00.000Z,111.9596430799705
2023-03-20T00:00:00.000Z,101.57891956399035
2023-03-21T00:00:00.000Z,97.20255152657552
2023-03-22T00:00:00.000Z,88.83045583728685
2023-03-23T00:00:00.000Z,88.46255165756398
2023-03-24T00:00:00.000Z,88.09876035717247
2023-03-25T00:00:00.000Z,87.7390054344458
2023-03-26T00:00:00.000Z,87.38321244011546
2023-03-27T00:00:00.000Z,81.0313089045371
2023-03-28T00:00:00.000Z,80.68322426813104
2023-03-29T00:00:00.000Z,80.33888981486766
2023-03-30T00:00:00.000Z,79.99823860863876
2023-03-31T00:00:00.000Z,79.66120543236447
2023-04-01T00:00:00.000Z,79.32772672969593
2023-04-02T00:00:00.000Z,78.9977405491807
2023-04-03T00:00:00.000Z,78.6711864907668
2023-04-04T00:00:00.000Z,78.34800565452846
2023-04-05T00:00:00.000Z,78.02814059150316
2023-04-06T00:00:00.000Z,80.71153525653526
2023-04-07T00:00:00.000Z,80.38823397293068
2023-04-08T00:00:00.000Z,78.0682784963844
2023-04-09T00:00:00.000Z,77.75161107438413
2023-04-10T00:00:00.000Z,77.43817540527404
2023-04-11T00:00:00.000Z,77.12791658941438
2023-04-12T00:00:00.000Z,76.82078108242317
2023-04-13T00:00:00.000Z,76.51671665039169
2023-04-14T00:00:00.000Z,70.21567232697308
2023-04-15T00:00:00.000Z,69.91759837224787
2023-04-16T00:00:00.000Z,69.62244623327815
2023-04-17T00:00:00.000Z,69.33016850626527
2023-04-18T00:00:00.000Z,69.04071890023243
2023-04-19T00:00:00.000Z,68.75405220215748
2023-04-20T00:00:00.000Z,68.47012424348517
2023-04-21T00:00:00.000Z,77.18889186795343
2023-04-22T00:00:00.000Z,79.88060993037317
2023-04-23T00:00:00.000Z,79.5656215988719
2023-04-24T00:00:00.000Z,79.25396473696857
2023-04-25T00:00:00.000Z,81.94557797451786
2023-04-26T00:00:00.000Z,84.63050065918272
2023-04-27T00:00:00.000Z,93.30886890853618
2023-04-28T00:00:00.000Z,95.96101278624147
2023-04-29T00:00:00.000Z,128.60725067524726
2023-04-30T00:00:00.000Z,143.14868572993987
2023-05-01T00:00:00.000Z,145.64677513137207
2023-05-02T00:00:00.000Z,145.14194964410888
2023-05-03T00:00:00.000Z,144.64413711310704
2023-05-04T00:00:00.000Z,165.15317034564612
2023-05-05T00:00:00.000Z,176.5995809247739
2023-05-06T00:00:00.000Z,179.0142747488433
2023-05-07T00:00:00.000Z,176.4275409404802
2023-05-08T00:00:00.000Z,196.84926812672012
2023-05-09T00:00:00.000Z,196.2099443197875
2023-05-10T00:00:00.000Z,195.5800373554166
2023-05-11T00:00:00.000Z,197.95931629454577
2023-05-12T00:00:00.000Z,197.3376571371813
2023-05-13T00:00:00.000Z,199.72493958258343
2023-05-14T00:00:00.000Z,199.11104881145374
2023-05-15T00:00:00.000Z,198.50587328081406
2023-05-16T00:00:00.000Z,197.90920751933038
2023-05-17T00:00:00.000Z,197.3208528364253
2023-05-18T00:00:00.000Z,199.74061703674647
2023-05-19T00:00:00.000Z,199.15841315906403
2023-05-20T00:00:00.000Z,198.58415632629186
2023-05-21T00:00:00.000Z,198.01766660211652
2023-05-22T00:00:00.000Z,197.45876975775056
2023-05-23T00:00:00.000Z,194.88749506042527
2023-05-24T00:00:00.000Z,194.3238692681398
2023-05-25T00:00:00.000Z,202.76772262259448
2023-05-26T00:00:00.000Z,209.18918767793951
2023-05-27T00:00:00.000Z,224.58868744216645
2023-05-28T00:00:00.000Z,217.9369298616732
2023-05-29T00:00:00.000Z,395.2943025754306
2023-05-30T00:00:00.000Z,375.06653490035234
2023-05-31T00:00:00.000Z,363.8492290439335
2023-06-01T00:00:00.000Z,369.6519429937521
2023-06-02T00:00:00.000Z,368.44445032554023
2023-06-03T00:00:00.000Z,373.2565316467199
2023-06-04T00:00:00.000Z,367.06788107936507
2023-06-05T00:00:00.000Z,363.8684997072291
2023-06-06T00:00:00.000Z,360.66839033656817
2023-06-07T00:00:00.000Z,362.48726227079777
2023-06-08T00:00:00.000Z,353.3147387967146
2023-06-09T00:00:00.000Z,367.1406535934329
2023-06-10T00:00:00.000Z,365.93524239784335
2023-06-11T00:00:00.000Z,362.74853507907454
2023-06-12T00:00:00.000Z,361.5800725022697
2023-06-13T00:00:00.000Z,361.4294108960677
2023-06-14T00:00:00.000Z,360.2862202144421
2023-06-15T00:00:00.000Z,359.16018062887554
2023-06-16T00:00:00.000Z,358.0508850452104
2023-06-17T00:00:00.000Z,356.9579395476344
2023-06-18T00:00:00.000Z,353.88096286061847
2023-06-19T00:00:00.000Z,352.8195858372898
2023-06-20T00:00:00.000Z,354.7734509727233
2023-06-21T00:00:00.000Z,365.7323109506385
2023-06-22T00:00:00.000Z,360.6663213493371
2023-06-23T00:00:00.000Z,362.61553175215397
2023-06-24T00:00:00.000Z,361.56969776059026
2023-06-25T00:00:00.000Z,357.5385817061768
2023-06-26T00:00:00.000Z,350.51195434635196
2023-06-27T00:00:00.000Z,337.49959257542804
2023-06-28T00:00:00.000Z,342.50118213835185
2023-06-29T00:00:00.000Z,227.49661628038632
2023-06-30T00:00:00.000Z,224.48598761913587
2023-07-01T00:00:00.000Z,223.489188215746
2023-07-02T00:00:00.000Z,216.50591744547557
2023-07-03T00:00:00.000Z,215.53588366035214
2023-07-04T00:00:00.000Z,213.57880384825592
2023-07-05T00:00:00.000Z,209.6245023176238
2023-07-06T00:00:00.000Z,204.67290650437815
2023-07-07T00:00:00.000Z,209.7338468841246
2023-07-08T00:00:00.000Z,212.78725880922735
2023-07-09T00:00:00.000Z,207.83327546175093
2023-07-10T00:00:00.000Z,205.89182799187233
2023-07-11T00:00:00.000Z,246.93295048197558
2023-07-12T00:00:00.000Z,269.848059130617
2023-07-13T00:00:00.000Z,274.6990128547431
2023-07-14T00:00:00.000Z,280.5464343107241
2023-07-15T00:00:00.000Z,279.3804396459201
2023-07-16T00:00:00.000Z,284.2309435948767
2023-07-17T00:00:00.000Z,286.07776831757013
2023-07-18T00:00:00.000Z,290.9308391418047
2023-07-19T00:00:00.000Z,304.78008540591713
2023-07-20T00:00:00.000Z,318.59583435998604
2023-07-21T00:00:00.000Z,318.3786984932708
2023-07-22T00:00:00.000Z,309.16887713683036
2023-07-23T00:00:00.000Z,307.9760736254227
2023-07-24T00:00:00.000Z,304.7999029177217
2023-07-25T00:00:00.000Z,306.6399920907181
2023-07-26T00:00:00.000Z,309.4860788596404
2023-07-27T00:00:00.000Z,311.3281062393433
2023-07-28T00:00:00.000Z,310.17601842705307
2023-07-29T00:00:00.000Z,305.03956468955465
2023-07-30T00:00:00.000Z,299.9184040509257
2023-07-31T00:00:00.000Z,304.81220587902783
2023-08-01T00:00:00.000Z,303.7008475020722
2023-08-02T00:00:00.000Z,323.60420803931714
2023-08-03T00:00:00.000Z,328.45266730670284
2023-08-04T00:00:00.000Z,328.2967852376345
2023-08-05T00:00:00.000Z,325.1465164620353
2023-08-06T00:00:00.000Z,324.01162027290536
2023-08-07T00:00:00.000Z,324.89176533189357
2023-08-08T00:00:00.000Z,322.76682829255293
2023-08-09T00:00:00.000Z,336.64678663784997
2023-08-10T00:00:00.000Z,350.4919166705654
2023-08-11T00:00:00.000Z,321.28307686744853
2023-08-12T00:00:00.000Z,304.0906037797893
2023-08-13T00:00:00.000Z,298.91413838748844
2023-08-14T00:00:00.000Z,321.75333270819635
2023-08-15T00:00:00.000Z,332.50883945751525
2023-08-16T00:00:00.000Z,330.2416787448022
2023-08-17T00:00:00.000Z,329.9819561263513
2023-08-18T00:00:00.000Z,327.72948074008184
2023-08-19T00:00:00.000Z,316.48406805660073
2023-08-20T00:00:00.000Z,305.2554406043898
2023-08-21T00:00:00.000Z,308.0432316010974
2023-08-22T00:00:00.000Z,312.8272835161867
2023-08-23T00:00:00.000Z,314.6076398610886
2023-08-24T00:00:00.000Z,319.39424419322467
2023-08-25T00:00:00.000Z,334.1770430411342
2023-08-26T00:00:00.000Z,328.91647887391343
2023-08-27T00:00:00.000Z,325.67277954121874
2023-08-28T00:00:00.000Z,324.44557848164334
2023-08-29T00:00:00.000Z,323.23452031906834
2023-08-30T00:00:00.000Z,322.0392604211244
2023-08-31T00:00:00.000Z,316.85946447905536
2023-09-01T00:00:00.000Z,315.6948081077553
2023-09-02T00:00:00.000Z,303.5449764648299
2023-09-03T00:00:00.000Z,298.39976289751286
2023-09-04T00:00:00.000Z,295.2689657039912
2023-09-05T00:00:00.000Z,294.15229090448963
2023-09-06T00:00:00.000Z,293.04945292550417
2023-09-07T00:00:00.000Z,287.96017428887546
2023-09-08T00:00:00.000Z,284.8841853149924
2023-09-09T00:00:00.000Z,273.8212238393625
2023-09-10T00:00:00.000Z,258.7710349418363
2023-09-11T00:00:00.000Z,269.7333706878164
2023-09-12T00:00:00.000Z,268.6683859204254
2023-09-13T00:00:00.000Z,267.61622645326673
2023-09-14T00:00:00.000Z,246.5766412483777
2023-09-15T00:00:00.000Z,246.5493861959248
2023-09-16T00:00:00.000Z,243.50452089490358
2023-09-17T00:00:00.000Z,240.4720997372868
2023-09-18T00:00:00.000Z,237.45188098390162
2023-09-19T00:00:00.000Z,248.4436295442832
2023-09-20T00:00:00.000Z,247.40751277712846
2023-09-21T00:00:00.000Z,242.38368869126964
2023-09-22T00:00:00.000Z,237.37191813174627
2023-09-23T00:00:00.000Z,234.3719685675122
2023-09-24T00:00:00.000Z,229.38361385032368
2023-09-25T00:00:00.000Z,216.40663398457616
2023-09-26T00:00:00.000Z,215.44081490749105
2023-09-27T00:00:00.000Z,214.48594827909398
2023-09-28T00:00:00.000Z,213.5418312814603
2023-09-29T00:00:00.000Z,212.60826642673544
2023-09-30T00:00:00.000Z,211.68506137347185
2023-10-01T00:00:00.000Z,210.77202875084677
2023-10-02T00:00:00.000Z,209.8689859903569
2023-10-03T00:00:00.000Z,206.97575516460773
2023-10-04T00:00:00.000Z,206.0921628328385
2023-10-05T00:00:00.000Z,205.21803989284302
2023-10-06T00:00:00.000Z,204.35322143897199
2023-10-07T00:00:00.000Z,203.4975466259152
2023-10-08T00:00:00.000Z,202.65085853798
2023-10-09T00:00:00.000Z,204.81300406360302
2023-10-10T00:00:00.000Z,203.97393278474303
2023-10-11T00:00:00.000Z,209.14359396847215
2023-10-12T00:00:00.000Z,200.30203757663833
2023-10-13T00:00:00.000Z,199.46930937275866
2023-10-14T00:00:00.000Z,198.64525701104222
2023-10-15T00:00:00.000Z,197.82973192594326
2023-10-16T00:00:00.000Z,194.02258920705603
2023-10-17T00:00:00.000Z,193.21378648916513
2023-10-18T00:00:00.000Z,192.41328094473786
2023-10-19T00:00:00.000Z,197.6209322748946
2023-10-20T00:00:00.000Z,191.81680162268663
2023-10-21T00:00:00.000Z,200.0110446859864
2023-10-22T00:00:00.000Z,199.18391194967137
2023-10-23T00:00:00.000Z,201.36554500436196
2023-10-24T00:00:00.000Z,203.54588573954908
2023-10-25T00:00:00.000Z,202.72497533379467
2023-10-26T00:00:00.000Z,201.9127543131778
2023-10-27T00:00:00.000Z,201.1090665084253
2023-10-28T00:00:00.000Z,200.31375990711734
2023-10-29T00:00:00.000Z,199.52668650317662
2023-10-30T00:00:00.000Z,198.74770215332111
2023-10-31T00:00:00.000Z,197.976666440089
2023-11-01T00:00:00.000Z,197.21344254106714
2023-11-02T00:00:00.000Z,196.45789710398293
2023-11-03T00:00:00.000Z,195.70990012733898
2023-11-04T00:00:00.000Z,194.96932484628843
2023-11-05T00:00:00.000Z,194.2360476234746
2023-11-06T00:00:00.000Z,193.50994784456816
2023-11-07T00:00:00.000Z,192.79090781825664
2023-11-08T00:00:00.000Z,192.0788126804563
2023-11-09T00:00:00.000Z,189.3735503025265
2023-11-10T00:00:00.000Z,188.6750112032844
2023-11-11T00:00:00.000Z,183.98308846462794
2023-11-12T00:00:00.000Z,183.29767765058665
2023-11-13T00:00:00.000Z,182.61867672962882
2023-11-14T00:00:00.000Z,181.9459860000692
2023-11-15T00:00:00.000Z,181.27950801842093
2023-11-16T00:00:00.000Z,178.61914753055578
2023-11-17T00:00:00.000Z,192.9648114055339
2023-11-18T00:00:00.000Z,192.26690362148364
2023-11-19T00:00:00.000Z,187.57581074119184
2023-11-20T00:00:00.000Z,184.89141735873784
2023-11-21T00:00:00.000Z,178.21361103839837
2023-11-22T00:00:00.000Z,177.5422822082929
2023-11-23T00:00:00.000Z,174.8773240589696
2023-11-24T00:00:00.000Z,175.2186324466501
2023-11-25T00:00:00.000Z,174.55620481077207
2023-11-26T00:00:00.000Z,173.90003719313822
2023-11-27T00:00:00.000Z,173.25002725473394
2023-11-28T00:00:00.000Z,172.60607519426483
2023-11-29T00:00:00.000Z,171.96808366072653
2023-11-30T00:00:00.000Z,171.33595766987992
2023-12-01T00:00:00.000Z,170.70960452441844
2023-12-02T00:00:00.000Z,170.08893373762356
2023-12-03T00:00:00.000Z,169.47385696032472
2023-12-04T00:00:00.000Z,168.86428791098635
2023-12-05T00:00:00.000Z,168.26014230875745
2023-12-06T00:00:00.000Z,167.6613378093297
2023-12-07T00:00:00.000Z,167.06779394345904
2023-12-08T00:00:00.000Z,166.4794320580157
2023-12-09T00:00:00.000Z,165.89617525943163
2023-12-10T00:00:00.000Z,165.3179483594307
2023-12-11T00:00:00.000Z,164.74467782292245
2023-12-12T00:00:00.000Z,164.1762917179583
2023-12-13T00:00:00.000Z,163.61271966764522
2023-12-14T00:00:00.000Z,163.0538928039276
2023-12-15T00:00:00.000Z,162.49974372314273
2023-12-16T00:00:00.000Z,167.95020644327047
2023-12-17T00:00:00.000Z,176.38541438259688
2023-12-18T00:00:00.000Z,168.79579156453283
2023-12-19T00:00:00.000Z,168.2016491136637
2023-12-20T00:00:00.000Z,173.61299362792056
2023-12-21T00:00:00.000Z,188.00993124072997
2023-12-22T00:00:00.000Z,199.36305779962512
2023-12-23T00:00:00.000Z,207.68314655383753
2023-12-24T00:00:00.000Z,206.98075103059864
2023-12-25T00:00:00.000Z,204.28601365407383
2023-12-26T00:00:00.000Z,203.59877889531052
2023-12-27T00:00:00.000Z,202.91889608604728
2023-12-28T00:00:00.000Z,208.24621921368976
2023-12-29T00:00:00.000Z,207.56080474683887
2023-12-30T00:00:00.000Z,215.88270566581681
2023-12-31T00:00:00.000Z,215.18207451985296
2024-01-01T00:00:00.000Z,214.48905658155553
2024-01-02T00:00:00.000Z,213.8034989720271
2024-01-03T00:00:00.000Z,213.12525348904836
2024-01-04T00:00:00.000Z,212.45417641532686
2024-01-05T00:00:00.000Z,211.79012833648605
2024-01-06T00:00:00.000Z,211.13297396821184
2024-01-07T00:00:00.000Z,210.48258199200876
2024-01-08T00:00:00.000Z,209.83882489906196
2024-01-09T00:00:00.000Z,209.20157884173054
2024-01-10T00:00:00.000Z,208.57072349222997
2024-01-11T00:00:00.000Z,210.9461419080942
2024-01-12T00:00:00.000Z,210.31781941393024
2024-01-13T00:00:00.000Z,209.6957405866636
2024-01-14T00:00:00.000Z,209.07979224022773
2024-01-15T00:00:00.000Z,211.46986431364627
2024-01-16T00:00:00.000Z,218.85594876463105
2024-01-17T00:00:00.000Z,224.20843260563788
2024-01-18T00:00:00.000Z,221.52798536819745
2024-01-19T00:00:00.000Z,220.85486083489286
2024-01-20T00:00:00.000Z,216.1889133334599
2024-01-21T00:00:00.000Z,205.53000158994828
2024-01-22T00:00:00.000Z,208.87798855096736
2024-01-23T00:00:00.000Z,205.19313725445264
2024-01-24T00:00:00.000Z,228.50579810854921
2024-01-25T00:00:00.000Z,227.74671033003656
2024-01-26T00:00:00.000Z,229.99648575563953
2024-01-27T00:00:00.000Z,229.24503348033096
2024-01-28T00:00:00.000Z,224.5022647766701
2024-01-29T00:00:00.000Z,223.7679959411049
2024-01-30T00:00:00.000Z,223.0420490514496
2024-01-31T00:00:00.000Z,222.3044497470535
2024-02-01T00:00:00.000Z,224.57522121608628
2024-02-02T00:00:00.000Z,235.84428919168624
2024-02-03T00:00:00.000Z,238.08197689198556
2024-02-04T00:00:00.000Z,246.31859534481455
2024-02-05T00:00:00.000Z,263.5343507232992
2024-02-06T00:00:00.000Z,268.69993661966254
2024-02-07T00:00:00.000Z,267.85592477503104
2024-02-08T00:00:00.000Z,267.0222806630583
2024-02-09T00:00:00.000Z,281.1987754324487
2024-02-10T00:00:00.000Z,280.3356826509837
2024-02-11T00:00:00.000Z,277.4832635334595
2024-02-12T00:00:00.000Z,285.641282154158
2024-02-13T00:00:00.000Z,290.77980719394407
2024-02-14T00:00:00.000Z,295.90910096613766
2024-02-15T00:00:00.000Z,293.02932065441615
2024-02-16T00:00:00.000Z,287.1604214422794
2024-02-17T00:00:00.000Z,278.2922634217358
2024-02-18T00:00:00.000Z,277.43471039167014
2024-02-19T00:00:00.000Z,285.587532646436
2024-02-20T00:00:00.000Z,284.72080470785346
2024-02-21T00:00:00.000Z,283.864596354865
2024-02-22T00:00:00.000Z,278.0186816489191
2024-02-23T00:00:00.000Z,278.17294067693587
2024-02-24T00:00:00.000Z,261.32735538606914
2024-02-25T00:00:00.000Z,260.49180952355175
2024-02-26T00:00:00.000Z,263.66609248137866
2024-02-27T00:00:00.000Z,274.830198061663
2024-02-28T00:00:00.000Z,285.96451447925216
2024-02-29T00:00:00.000Z,288.06961479337883
2024-03-01T00:00:00.000Z,286.1757585214757
2024-03-02T00:00:00.000Z,285.28290391922263
2024-03-03T00:00:00.000Z,282.40091191731256
2024-03-04T00:00:00.000Z,276.52954992514634
2024-03-05T00:00:00.000Z,279.65869154762504
2024-03-06T00:00:00.000Z,275.7784114241169
2024-03-07T00:00:00.000Z,265.8987812801252
2024-03-08T00:00:00.000Z,261.01977298514095
2024-03-09T00:00:00.000Z,260.1512605008104
2024-03-10T00:00:00.000Z,259.2930237143458
2024-03-11T00:00:00.000Z,248.44484917337599
2024-03-12T00:00:00.000Z,250.6065298240716
2024-03-13T00:00:00.000Z,249.76796377178135
2024-03-14T00:00:00.000Z,245.93905115101782
2024-03-15T00:00:00.000Z,241.109696010314
2024-03-16T00:00:00.000Z,236.28980420314605
2024-03-17T00:00:00.000Z,235.47918627314016
2024-03-18T00:00:00.000Z,247.67765824734082
2024-03-19T00:00:00.000Z,249.8355364790052
2024-03-20T00:00:00.000Z,248.99322199714837
2024-03-21T00:00:00.000Z,242.16061293131582
2024-03-22T00:00:00.000Z,244.33751242871898
2024-03-23T00:00:00.000Z,243.51382844000926
2024-03-24T00:00:00.000Z,240.69947060362577
2024-03-25T00:00:00.000Z,240.89425313446978
2024-03-26T00:00:00.000Z,246.08809463047749
2024-03-27T00:00:00.000Z,257.2711129964061
2024-03-28T00:00:00.000Z,261.42371860537537
2024-03-29T00:00:00.000Z,252.55640677441158
2024-03-30T00:00:00.000Z,243.69926330237195
2024-03-31T00:00:00.000Z,240.852077570815
2024-04-01T00:00:00.000Z,238.01464531031522
2024-04-02T00:00:00.000Z,237.1867683494882
2024-04-03T00:00:00.000Z,242.3682543762627
2024-04-04T00:00:00.000Z,239.53911473049587
2024-04-05T00:00:00.000Z,234.7193584023782
2024-04-06T00:00:00.000Z,231.90879802858714
2024-04-07T00:00:00.000Z,229.1072516941497
2024-04-08T00:00:00.000Z,228.31454272449676
2024-04-09T00:00:00.000Z,230.53049948732354
2024-04-10T00:00:00.000Z,229.74505421360936
2024-04-11T00:00:00.000Z,228.96813992483663
2024-04-12T00:00:00.000Z,226.19959336221703
2024-04-13T00:00:00.000Z,225.43925582174367
2024-04-14T00:00:00.000Z,222.68697298715733
2024-04-15T00:00:00.000Z,221.94259477049422
2024-04-16T00:00:00.000Z,224.20597515980373
2024-04-17T00:00:00.000Z,223.46707108355227
2024-04-18T00:00:00.000Z,218.73583937891252
2024-04-19T00:00:00.000Z,215.99233777968738
2024-04-20T00:00:00.000Z,215.25662000293343
2024-04-21T00:00:00.000Z,214.5285418190755
2024-04-22T00:00:00.000Z,214.807962923827
2024-04-23T00:00:00.000Z,214.08484580654107
2024-04-24T00:00:00.000Z,219.3691527223848
2024-04-25T00:00:00.000Z,216.64094668408367
2024-04-26T00:00:00.000Z,226.9202865522929
2024-04-27T00:00:00.000Z,218.15752815889266
2024-04-28T00:00:00.000Z,211.40301171929516
2024-04-29T00:00:00.000Z,216.6565771999349
2024-04-30T00:00:00.000Z,230.89826720191067
2024-05-01T00:00:00.000Z,230.09861604762224
2024-05-02T00:00:00.000Z,235.30794135073225
2024-05-03T00:00:00.000Z,237.50625937874375
2024-05-04T00:00:00.000Z,232.70368309910742
2024-05-05T00:00:00.000Z,231.91012527125022
2024-05-06T00:00:00.000Z,234.12540333916783
2024-05-07T00:00:00.000Z,233.33943922313674
2024-05-08T00:00:00.000Z,232.56215621014186
2024-05-09T00:00:00.000Z,237.79338184873748
2024-05-10T00:00:00.000Z,235.01314677178135
2024-05-11T00:00:00.000Z,234.2414787140875
2024-05-12T00:00:00.000Z,233.4782085270874
2024-05-13T00:00:00.000Z,235.72317199848874
2024-05-14T00:00:00.000Z,240.96630867134925
2024-05-15T00:00:00.000Z,249.197756789563
2024-05-16T00:00:00.000Z,248.40784747034385
2024-05-17T00:00:00.000Z,248.626703062729
2024-05-18T00:00:00.000Z,247.8442472914623
2024-05-19T00:00:00.000Z,243.0704051812765
2024-05-20T00:00:00.000Z,242.30500595508425
2024-05-21T00:00:00.000Z,244.54788384003587
2024-05-22T00:00:00.000Z,249.78897688329133
2024-05-23T00:00:00.000Z,247.01842189439188
2024-05-24T00:00:00.000Z,252.25625158509675
2024-05-25T00:00:00.000Z,247.4824996228337
2024-05-26T00:00:00.000Z,246.71719667345812
2024-05-27T00:00:00.000Z,238.96017642054645
2024-05-28T00:00:00.000Z,241.20137639933372
2024-05-29T00:00:00.000Z,246.44083392728405
2024-05-30T00:00:00.000Z,244.66868415459908
2024-05-31T00:00:00.000Z,236.8950572197217
2024-06-01T00:00:00.000Z,236.11998139618123
2024-06-02T00:00:00.000Z,231.35338512528347
2024-06-03T00:00:00.000Z,228.59510092983717
2024-06-04T00:00:00.000Z,236.8449662253524
2024-06-05T00:00:00.000Z,242.073120160479
2024-06-06T00:00:00.000Z,242.28989277869815
2024-06-07T00:00:00.000Z,241.5054073746328
2024-06-08T00:00:00.000Z,240.7295866374223
2024-06-09T00:00:00.000Z,235.96225756308004
2024-06-10T00:00:00.000Z,235.20325225487545
2024-06-11T00:00:00.000Z,237.4524077238698
2024-06-12T00:00:00.000Z,236.69966470900425
2024-06-13T00:00:00.000Z,236.95496460374704
2024-06-14T00:00:00.000Z,238.20825139496765
2024-06-15T00:00:00.000Z,231.44966762517893
2024-06-16T00:00:00.000Z,230.69925154160927
2024-06-17T00:00:00.000Z,230.95684413858697
2024-06-18T00:00:00.000Z,233.2123900037493
2024-06-19T00:00:00.000Z,274.46593326021247
2024-06-20T00:00:00.000Z,279.5888037468639
2024-06-21T00:00:00.000Z,279.70237848244483
2024-06-22T00:00:00.000Z,274.8167191428292
2024-06-23T00:00:00.000Z,273.9416891935381
2024-06-24T00:00:00.000Z,269.0770586871348
2024-06-25T00:00:00.000Z,268.2226049551991
2024-06-26T00:00:00.000Z,273.37811230656587
2024-06-27T00:00:00.000Z,270.5235697607448
2024-06-28T00:00:00.000Z,267.67896499069786
2024-06-29T00:00:00.000Z,262.8440902667029
2024-06-30T00:00:00.000Z,260.01874420902544
2024-07-01T00:00:00.000Z,257.2027315336857
2024-07-02T00:00:00.000Z,259.39586281073855
2024-07-03T00:00:00.000Z,264.5880532442399
2024-07-04T00:00:00.000Z,263.76941758058035
2024-07-05T00:00:00.000Z,256.9599672159514
2024-07-06T00:00:00.000Z,252.15951719919707
2024-07-07T00:00:00.000Z,249.36788803054603
2024-07-08T00:00:00.000Z,248.5849054507937
2024-07-09T00:00:00.000Z,247.81040024052496
2024-07-10T00:00:00.000Z,247.04420802881654
2024-07-11T00:00:00.000Z,246.28616911088733
2024-07-12T00:00:00.000Z,243.53612827419857
2024-07-13T00:00:00.000Z,242.79393463254524
2024-07-14T00:00:00.000Z,240.05944146769798
2024-07-15T00:00:00.000Z,235.33250607819338
2024-07-16T00:00:00.000Z,237.61298963488736
2024-07-17T00:00:00.000Z,236.8908560528153
2024-07-18T00:00:00.000Z,234.1760689665783
2024-07-19T00:00:00.000Z,231.46849470522798
2024-07-20T00:00:00.000Z,202.76800317062134
2024-07-21T00:00:00.000Z,198.0744677114763
2024-07-22T00:00:00.000Z,198.3877650029292
2024-07-23T00:00:00.000Z,200.69787394120476
2024-07-24T00:00:00.000Z,200.00487165058973
2024-07-25T00:00:00.000Z,202.3187335863006
2024-07-26T00:00:00.000Z,201.62943654346816
2024-07-27T00:00:00.000Z,196.94695665634617
2024-07-28T00:00:00.000Z,196.27117238640244
2024-07-29T00:00:00.000Z,195.60196541337686
2024-07-30T00:00:00.000Z,194.93922052156015
2024-07-31T00:00:00.000Z,194.28282549110997
2024-08-01T00:00:00.000Z,193.63267099413247
2024-08-02T00:00:00.000Z,190.98865049528155
2024-08-03T00:00:00.000Z,186.35066015663483
2024-08-04T00:00:00.000Z,185.71859874663113
2024-08-05T00:00:00.000Z,185.09236755285465
2024-08-06T00:00:00.000Z,184.47187029847427
2024-08-07T00:00:00.000Z,183.85701306215273
2024-08-08T00:00:00.000Z,183.247704201252
2024-08-09T00:00:00.000Z,182.6438542781727
2024-08-10T00:00:00.000Z,182.04537598967246
2024-08-11T00:00:00.000Z,181.45218409901972
2024-08-12T00:00:00.000Z,180.86419537084558
2024-08-13T00:00:00.000Z,180.28132850856414
2024-08-14T00:00:00.000Z,179.70350409424233
2024-08-15T00:00:00.000Z,179.13064453079969
2024-08-16T00:00:00.000Z,176.56267398643377
2024-08-17T00:00:00.000Z,175.99951834116615
2024-08-18T00:00:00.000Z,175.44110513541065
2024-08-19T00:00:00.000Z,174.88736352047704
2024-08-20T00:00:00.000Z,174.3382242109145
2024-08-21T00:00:00.000Z,173.793619438621
2024-08-22T00:00:00.000Z,171.25348290863542
2024-08-23T00:00:00.000Z,168.71774975653813
2024-08-24T00:00:00.000Z,168.18635650739256
2024-08-25T00:00:00.000Z,165.65924103615785
2024-08-26T00:00:00.000Z,165.13634252951275
2024-08-27T00:00:00.000Z,164.61760144902564
2024-08-28T00:00:00.000Z,164.1029594956186
2024-08-29T00:00:00.000Z,163.5923595752683
2024-08-30T00:00:00.000Z,163.08574576589112
2024-08-31T00:00:00.000Z,162.5830632853673
2024-09-01T00:00:00.000Z,162.08425846065282
2024-09-02T00:00:00.000Z,161.58927869793717
2024-09-03T00:00:00.000Z,161.09807245380378
2024-09-04T00:00:00.000Z,160.61058920735275
2024-09-05T00:00:00.000Z,160.12677943324724
2024-09-06T00:00:00.000Z,159.64659457564755
2024-09-07T00:00:00.000Z,159.16998702299648
2024-09-08T00:00:00.000Z,158.69691008362332
2024-09-09T00:00:00.000Z,158.22731796213574
2024-09-10T00:00:00.000Z,157.76116573656702
2024-09-11T00:00:00.000Z,157.2984093362506
2024-09-12T00:00:00.000Z,156.83900552039495
2024-09-13T00:00:00.000Z,156.3829118573306
2024-09-14T00:00:00.000Z,155.93008670440523
2024-09-15T00:00:00.000Z,155.48048918850276
2024-09-16T00:00:00.000Z,155.03407918716192
2024-09-17T00:00:00.000Z,154.59081731027266
2024-09-18T00:00:00.000Z,154.15066488233117
2024-09-19T00:00:00.000Z,153.71358392522887
2024-09-20T00:00:00.000Z,153.27953714156158
2024-09-21T00:00:00.000Z,152.8484878984345
2024-09-22T00:00:00.000Z,152.42040021174915
2024-09-23T00:00:00.000Z,151.995238730954
2024-09-24T00:00:00.000Z,151.57296872424166
2024-09-25T00:00:00.000Z,151.1535560641782
2024-09-26T00:00:00.000Z,150.73696721374816
2024-09-27T00:00:00.000Z,150.32316921280233
2024-09-28T00:00:00.000Z,149.91212966489252
2024-09-29T00:00:00.000Z,149.50381672448225
2024-09-30T00:00:00.000Z,149.09819908451848
2024-10-01T00:00:00.000Z,148.6952459643535
2024-10-02T00:00:00.000Z,148.29492709800525
2024-10-03T00:00:00.000Z,147.89721272274224
2024-10-04T00:00:00.000Z,147.502073567987
2024-10-05T00:00:00.000Z,147.1094808445225
2024-10-06T00:00:00.000Z,146.7194062339947
2024-10-07T00:00:00.000Z,146.33182187870025
2024-10-08T00:00:00.000Z,145.94670037165176
2024-10-09T00:00:00.000Z,145.56401474690736
2024-10-10T00:00:00.000Z,145.183738470162
2024-10-11T00:00:00.000Z,144.80584542958772
2024-10-12T00:00:00.000Z,144.43030992691573
2024-10-13T00:00:00.000Z,144.05710666875495
2024-10-14T00:00:00.000Z,143.6862107581359
2024-10-15T00:00:00.000Z,143.31759768627555
2024-10-16T00:00:00.000Z,142.95124332455677
2024-10-17T00:00:00.000Z,142.58712391671153
2024-10-18T00:00:00.000Z,142.22521607120788
2024-10-19T00:00:00.000Z,141.86549675382773
2024-10-20T00:00:00.000Z,141.50794328043557
2024-10-21T00:00:00.000Z,141.15253330992866
2024-10-22T00:00:00.000Z,140.799244837363
2024-10-23T00:00:00.000Z,140.44805618725363
2024-10-24T00:00:00.000Z,140.09894600703907
2024-10-25T00:00:00.000Z,139.75189326070844
2024-10-26T00:00:00.000Z,139.4068772225851
2024-10-27T00:00:00.000Z,139.06387747126305
2024-10-28T00:00:00.000Z,138.72287388368986
2024-10-29T00:00:00.000Z,138.38384662939436
2024-10-30T00:00:00.000Z,138.04677616485228
2024-10-31T00:00:00.000Z,137.71164322798816
2024-11-01T00:00:00.000Z,137.3784288328083
2024-11-02T00:00:00.000Z,137.047114264161
2024-11-03T00:00:00.000Z,136.71768107262065
2024-11-04T00:00:00.000Z,136.39011106949306
2024-11-05T00:00:00.000Z,136.0643863219368
2024-11-06T00:00:00.000Z,135.74048914819934
2024-11-07T00:00:00.000Z,135.41840211296295
2024-11-08T00:00:00.000Z,135.09810802279816
2024-11-09T00:00:00.000Z,134.77958992172245
2024-11-10T00:00:00.000Z,134.4628310868599
2024-11-11T00:00:00.000Z,134.14781502420013
2024-11-12T00:00:00.000Z,133.83452546445255
2024-11-13T00:00:00.000Z,133.52294635899605
2024-11-14T00:00:00.000Z,133.21306187591756
2024-11-15T00:00:00.000Z,132.9048563961405
2024-11-16T00:00:00.000Z,132.59831450963907
2024-11-17T00:00:00.000Z,132.29342101173674
2024-11-18T00:00:00.000Z,131.9901608994856
2024-11-19T00:00:00.000Z,131.6885193681261
2024-11-20T00:00:00.000Z,131.38848180762483
2024-11-21T00:00:00.000Z,131.09003379928492
2024-11-22T00:00:00.000Z,130.79316111243367
2024-11-23T00:00:00.000Z,130.49784970117872
2024-11-24T00:00:00.000Z,130.20408570123533
2024-11-25T00:00:00.000Z,129.91185542682126
2024-11-26T00:00:00.000Z,129.62114536761788
2024-11-27T00:00:00.000Z,129.33194218579558
2024-11-28T00:00:00.000Z,129.04423271310202
2024-11-29T00:00:00.000Z,128.75800394801178
2024-11-30T00:00:00.000Z,128.4732430529355
2024-12-01T00:00:00.000Z,128.1899373514875
2024-12-02T00:00:00.000Z,127.90807432581002
2024-12-03T00:00:00.000Z,127.62764161395252
2024-12-04T00:00:00.000Z,127.34862700730547
2024-12-05T00:00:00.000Z,127.07101844808659
2024-12-06T00:00:00.000Z,126.79480402687769
2024-12-07T00:00:00.000Z,126.51997198021287
2024-12-08T00:00:00.000Z,126.2465106882151
2024-12-09T00:00:00.000Z,125.97440867228003
2024-12-10T00:00:00.000Z,125.70365459280636
2024-12-11T00:00:00.000Z,125.43423724697278
2024-12-12T00:00:00.000Z,125.16614556655769
2024-12-13T00:00:00.000Z,124.8993686158032
2024-12-14T00:00:00.000Z,124.63389558932046
2024-12-15T00:00:00.000Z,124.36971581003826
2024-12-16T00:00:00.000Z,124.10681872718847
2024-12-17T00:00:00.000Z,123.84519391433457
2024-12-18T00:00:00.000Z,123.5848310674356
2024-12-19T00:00:00.000Z,123.32572000294954
2024-12-20T00:00:00.000Z,123.06785065597222
2024-12-21T00:00:00.000Z,122.81121307841246
2024-12-22T00:00:00.000Z,122.5557974372021
2024-12-23T00:00:00.000Z,122.30159401254058
2024-12-24T00:00:00.000Z,122.04859319617181
2024-12-25T00:00:00.000Z,121.79678548969518
2024-12-26T00:00:00.000Z,121.54616150290701
2024-12-27T00:00:00.000Z,121.29671195217409
2024-12-28T00:00:00.000Z,121.0484276588376
2024-12-29T00:00:00.000Z,120.8012995476461
2024-12-30T00:00:00.000Z,120.55531864521876
2024-12-31T00:00:00.000Z,120.31047607853587
2025-01-01T00:00:00.000Z,120.06676307345806
